--
-- PostgreSQL database dump
--

-- Dumped from database version 14.9 (Ubuntu 14.9-0ubuntu0.22.04.1)
-- Dumped by pg_dump version 14.9 (Ubuntu 14.9-0ubuntu0.22.04.1)

SET statement_timeout = 0;
SET lock_timeout = 0;
SET idle_in_transaction_session_timeout = 0;
SET client_encoding = 'UTF8';
SET standard_conforming_strings = on;
SELECT pg_catalog.set_config('search_path', '', false);
SET check_function_bodies = false;
SET xmloption = content;
SET client_min_messages = warning;
SET row_security = off;

SET default_tablespace = '';

SET default_table_access_method = heap;

--
-- Name: auth_group; Type: TABLE; Schema: public; Owner: postgres
--

CREATE TABLE public.auth_group (
    id integer NOT NULL,
    name character varying(150) NOT NULL
);


ALTER TABLE public.auth_group OWNER TO postgres;

--
-- Name: auth_group_id_seq; Type: SEQUENCE; Schema: public; Owner: postgres
--

ALTER TABLE public.auth_group ALTER COLUMN id ADD GENERATED BY DEFAULT AS IDENTITY (
    SEQUENCE NAME public.auth_group_id_seq
    START WITH 1
    INCREMENT BY 1
    NO MINVALUE
    NO MAXVALUE
    CACHE 1
);


--
-- Name: auth_group_permissions; Type: TABLE; Schema: public; Owner: postgres
--

CREATE TABLE public.auth_group_permissions (
    id bigint NOT NULL,
    group_id integer NOT NULL,
    permission_id integer NOT NULL
);


ALTER TABLE public.auth_group_permissions OWNER TO postgres;

--
-- Name: auth_group_permissions_id_seq; Type: SEQUENCE; Schema: public; Owner: postgres
--

ALTER TABLE public.auth_group_permissions ALTER COLUMN id ADD GENERATED BY DEFAULT AS IDENTITY (
    SEQUENCE NAME public.auth_group_permissions_id_seq
    START WITH 1
    INCREMENT BY 1
    NO MINVALUE
    NO MAXVALUE
    CACHE 1
);


--
-- Name: auth_permission; Type: TABLE; Schema: public; Owner: postgres
--

CREATE TABLE public.auth_permission (
    id integer NOT NULL,
    name character varying(255) NOT NULL,
    content_type_id integer NOT NULL,
    codename character varying(100) NOT NULL
);


ALTER TABLE public.auth_permission OWNER TO postgres;

--
-- Name: auth_permission_id_seq; Type: SEQUENCE; Schema: public; Owner: postgres
--

ALTER TABLE public.auth_permission ALTER COLUMN id ADD GENERATED BY DEFAULT AS IDENTITY (
    SEQUENCE NAME public.auth_permission_id_seq
    START WITH 1
    INCREMENT BY 1
    NO MINVALUE
    NO MAXVALUE
    CACHE 1
);


--
-- Name: django_admin_log; Type: TABLE; Schema: public; Owner: postgres
--

CREATE TABLE public.django_admin_log (
    id integer NOT NULL,
    action_time timestamp with time zone NOT NULL,
    object_id text,
    object_repr character varying(200) NOT NULL,
    action_flag smallint NOT NULL,
    change_message text NOT NULL,
    content_type_id integer,
    user_id bigint NOT NULL,
    CONSTRAINT django_admin_log_action_flag_check CHECK ((action_flag >= 0))
);


ALTER TABLE public.django_admin_log OWNER TO postgres;

--
-- Name: django_admin_log_id_seq; Type: SEQUENCE; Schema: public; Owner: postgres
--

ALTER TABLE public.django_admin_log ALTER COLUMN id ADD GENERATED BY DEFAULT AS IDENTITY (
    SEQUENCE NAME public.django_admin_log_id_seq
    START WITH 1
    INCREMENT BY 1
    NO MINVALUE
    NO MAXVALUE
    CACHE 1
);


--
-- Name: django_content_type; Type: TABLE; Schema: public; Owner: postgres
--

CREATE TABLE public.django_content_type (
    id integer NOT NULL,
    app_label character varying(100) NOT NULL,
    model character varying(100) NOT NULL
);


ALTER TABLE public.django_content_type OWNER TO postgres;

--
-- Name: django_content_type_id_seq; Type: SEQUENCE; Schema: public; Owner: postgres
--

ALTER TABLE public.django_content_type ALTER COLUMN id ADD GENERATED BY DEFAULT AS IDENTITY (
    SEQUENCE NAME public.django_content_type_id_seq
    START WITH 1
    INCREMENT BY 1
    NO MINVALUE
    NO MAXVALUE
    CACHE 1
);


--
-- Name: django_migrations; Type: TABLE; Schema: public; Owner: postgres
--

CREATE TABLE public.django_migrations (
    id bigint NOT NULL,
    app character varying(255) NOT NULL,
    name character varying(255) NOT NULL,
    applied timestamp with time zone NOT NULL
);


ALTER TABLE public.django_migrations OWNER TO postgres;

--
-- Name: django_migrations_id_seq; Type: SEQUENCE; Schema: public; Owner: postgres
--

ALTER TABLE public.django_migrations ALTER COLUMN id ADD GENERATED BY DEFAULT AS IDENTITY (
    SEQUENCE NAME public.django_migrations_id_seq
    START WITH 1
    INCREMENT BY 1
    NO MINVALUE
    NO MAXVALUE
    CACHE 1
);


--
-- Name: django_session; Type: TABLE; Schema: public; Owner: postgres
--

CREATE TABLE public.django_session (
    session_key character varying(40) NOT NULL,
    session_data text NOT NULL,
    expire_date timestamp with time zone NOT NULL
);


ALTER TABLE public.django_session OWNER TO postgres;

--
-- Name: epic_auth_app_utilisateur; Type: TABLE; Schema: public; Owner: postgres
--

CREATE TABLE public.epic_auth_app_utilisateur (
    id bigint NOT NULL,
    password character varying(128) NOT NULL,
    last_login timestamp with time zone,
    is_superuser boolean NOT NULL,
    email character varying(254) NOT NULL,
    first_name character varying(30) NOT NULL,
    last_name character varying(30) NOT NULL,
    is_staff boolean NOT NULL,
    is_active boolean NOT NULL,
    department character varying(3) NOT NULL,
    phone_number character varying(20) NOT NULL
);


ALTER TABLE public.epic_auth_app_utilisateur OWNER TO postgres;

--
-- Name: epic_auth_app_utilisateur_groups; Type: TABLE; Schema: public; Owner: postgres
--

CREATE TABLE public.epic_auth_app_utilisateur_groups (
    id bigint NOT NULL,
    utilisateur_id bigint NOT NULL,
    group_id integer NOT NULL
);


ALTER TABLE public.epic_auth_app_utilisateur_groups OWNER TO postgres;

--
-- Name: epic_auth_app_utilisateur_groups_id_seq; Type: SEQUENCE; Schema: public; Owner: postgres
--

ALTER TABLE public.epic_auth_app_utilisateur_groups ALTER COLUMN id ADD GENERATED BY DEFAULT AS IDENTITY (
    SEQUENCE NAME public.epic_auth_app_utilisateur_groups_id_seq
    START WITH 1
    INCREMENT BY 1
    NO MINVALUE
    NO MAXVALUE
    CACHE 1
);


--
-- Name: epic_auth_app_utilisateur_id_seq; Type: SEQUENCE; Schema: public; Owner: postgres
--

ALTER TABLE public.epic_auth_app_utilisateur ALTER COLUMN id ADD GENERATED BY DEFAULT AS IDENTITY (
    SEQUENCE NAME public.epic_auth_app_utilisateur_id_seq
    START WITH 1
    INCREMENT BY 1
    NO MINVALUE
    NO MAXVALUE
    CACHE 1
);


--
-- Name: epic_auth_app_utilisateur_user_permissions; Type: TABLE; Schema: public; Owner: postgres
--

CREATE TABLE public.epic_auth_app_utilisateur_user_permissions (
    id bigint NOT NULL,
    utilisateur_id bigint NOT NULL,
    permission_id integer NOT NULL
);


ALTER TABLE public.epic_auth_app_utilisateur_user_permissions OWNER TO postgres;

--
-- Name: epic_auth_app_utilisateur_user_permissions_id_seq; Type: SEQUENCE; Schema: public; Owner: postgres
--

ALTER TABLE public.epic_auth_app_utilisateur_user_permissions ALTER COLUMN id ADD GENERATED BY DEFAULT AS IDENTITY (
    SEQUENCE NAME public.epic_auth_app_utilisateur_user_permissions_id_seq
    START WITH 1
    INCREMENT BY 1
    NO MINVALUE
    NO MAXVALUE
    CACHE 1
);


--
-- Name: epic_clients_app_client; Type: TABLE; Schema: public; Owner: postgres
--

CREATE TABLE public.epic_clients_app_client (
    id bigint NOT NULL,
    full_name character varying(255) NOT NULL,
    email character varying(254) NOT NULL,
    phone_number character varying(20) NOT NULL,
    company_name character varying(255) NOT NULL,
    created_at timestamp with time zone NOT NULL,
    updated_at timestamp with time zone NOT NULL,
    role character varying(2) NOT NULL,
    sales_contact_id bigint,
    commercial_assigne_id bigint
);


ALTER TABLE public.epic_clients_app_client OWNER TO postgres;

--
-- Name: epic_clients_app_client_id_seq; Type: SEQUENCE; Schema: public; Owner: postgres
--

ALTER TABLE public.epic_clients_app_client ALTER COLUMN id ADD GENERATED BY DEFAULT AS IDENTITY (
    SEQUENCE NAME public.epic_clients_app_client_id_seq
    START WITH 1
    INCREMENT BY 1
    NO MINVALUE
    NO MAXVALUE
    CACHE 1
);


--
-- Name: epic_contracts_app_contrat; Type: TABLE; Schema: public; Owner: postgres
--

CREATE TABLE public.epic_contracts_app_contrat (
    id bigint NOT NULL,
    montant_total numeric(10,2) NOT NULL,
    montant_restant numeric(10,2) NOT NULL,
    date_creation timestamp with time zone NOT NULL,
    statut character varying(10) NOT NULL,
    client_id bigint NOT NULL,
    sales_contact_id bigint,
    nom character varying(25) NOT NULL
);


ALTER TABLE public.epic_contracts_app_contrat OWNER TO postgres;

--
-- Name: epic_contracts_app_contrat_id_seq; Type: SEQUENCE; Schema: public; Owner: postgres
--

ALTER TABLE public.epic_contracts_app_contrat ALTER COLUMN id ADD GENERATED BY DEFAULT AS IDENTITY (
    SEQUENCE NAME public.epic_contracts_app_contrat_id_seq
    START WITH 1
    INCREMENT BY 1
    NO MINVALUE
    NO MAXVALUE
    CACHE 1
);


--
-- Name: epic_events_app_evenement; Type: TABLE; Schema: public; Owner: postgres
--

CREATE TABLE public.epic_events_app_evenement (
    id bigint NOT NULL,
    nom character varying(255) NOT NULL,
    date_debut timestamp with time zone NOT NULL,
    date_fin timestamp with time zone NOT NULL,
    lieu character varying(255) NOT NULL,
    type_evenement character varying(255) NOT NULL,
    statut character varying(2) NOT NULL,
    contrat_id bigint NOT NULL,
    gestionnaire_id bigint,
    nombre_invites integer NOT NULL,
    note text NOT NULL,
    CONSTRAINT epic_events_app_evenement_nombre_invites_check CHECK ((nombre_invites >= 0))
);


ALTER TABLE public.epic_events_app_evenement OWNER TO postgres;

--
-- Name: epic_events_app_evenement_id_seq; Type: SEQUENCE; Schema: public; Owner: postgres
--

ALTER TABLE public.epic_events_app_evenement ALTER COLUMN id ADD GENERATED BY DEFAULT AS IDENTITY (
    SEQUENCE NAME public.epic_events_app_evenement_id_seq
    START WITH 1
    INCREMENT BY 1
    NO MINVALUE
    NO MAXVALUE
    CACHE 1
);


--
-- Data for Name: auth_group; Type: TABLE DATA; Schema: public; Owner: postgres
--

COPY public.auth_group (id, name) FROM stdin;
\.


--
-- Data for Name: auth_group_permissions; Type: TABLE DATA; Schema: public; Owner: postgres
--

COPY public.auth_group_permissions (id, group_id, permission_id) FROM stdin;
\.


--
-- Data for Name: auth_permission; Type: TABLE DATA; Schema: public; Owner: postgres
--

COPY public.auth_permission (id, name, content_type_id, codename) FROM stdin;
1	Can add log entry	1	add_logentry
2	Can change log entry	1	change_logentry
3	Can delete log entry	1	delete_logentry
4	Can view log entry	1	view_logentry
5	Can add permission	2	add_permission
6	Can change permission	2	change_permission
7	Can delete permission	2	delete_permission
8	Can view permission	2	view_permission
9	Can add group	3	add_group
10	Can change group	3	change_group
11	Can delete group	3	delete_group
12	Can view group	3	view_group
13	Can add content type	4	add_contenttype
14	Can change content type	4	change_contenttype
15	Can delete content type	4	delete_contenttype
16	Can view content type	4	view_contenttype
17	Can add session	5	add_session
18	Can change session	5	change_session
19	Can delete session	5	delete_session
20	Can view session	5	view_session
21	Can add utilisateur	6	add_utilisateur
22	Can change utilisateur	6	change_utilisateur
23	Can delete utilisateur	6	delete_utilisateur
24	Can view utilisateur	6	view_utilisateur
25	Can add client	7	add_client
26	Can change client	7	change_client
27	Can delete client	7	delete_client
28	Can view client	7	view_client
29	Can add contrat	8	add_contrat
30	Can change contrat	8	change_contrat
31	Can delete contrat	8	delete_contrat
32	Can view contrat	8	view_contrat
33	Can add evenement	9	add_evenement
34	Can change evenement	9	change_evenement
35	Can delete evenement	9	delete_evenement
36	Can view evenement	9	view_evenement
\.


--
-- Data for Name: django_admin_log; Type: TABLE DATA; Schema: public; Owner: postgres
--

COPY public.django_admin_log (id, action_time, object_id, object_repr, action_flag, change_message, content_type_id, user_id) FROM stdin;
\.


--
-- Data for Name: django_content_type; Type: TABLE DATA; Schema: public; Owner: postgres
--

COPY public.django_content_type (id, app_label, model) FROM stdin;
1	admin	logentry
2	auth	permission
3	auth	group
4	contenttypes	contenttype
5	sessions	session
6	epic_auth_app	utilisateur
7	epic_clients_app	client
8	epic_contracts_app	contrat
9	epic_events_app	evenement
\.


--
-- Data for Name: django_migrations; Type: TABLE DATA; Schema: public; Owner: postgres
--

COPY public.django_migrations (id, app, name, applied) FROM stdin;
1	contenttypes	0001_initial	2023-11-30 00:31:30.096944+01
2	contenttypes	0002_remove_content_type_name	2023-11-30 00:31:30.101479+01
3	auth	0001_initial	2023-11-30 00:31:30.13153+01
4	auth	0002_alter_permission_name_max_length	2023-11-30 00:31:30.135372+01
5	auth	0003_alter_user_email_max_length	2023-11-30 00:31:30.139315+01
6	auth	0004_alter_user_username_opts	2023-11-30 00:31:30.144094+01
7	auth	0005_alter_user_last_login_null	2023-11-30 00:31:30.14782+01
8	auth	0006_require_contenttypes_0002	2023-11-30 00:31:30.149846+01
9	auth	0007_alter_validators_add_error_messages	2023-11-30 00:31:30.153843+01
10	auth	0008_alter_user_username_max_length	2023-11-30 00:31:30.157764+01
11	auth	0009_alter_user_last_name_max_length	2023-11-30 00:31:30.161634+01
12	auth	0010_alter_group_name_max_length	2023-11-30 00:31:30.166018+01
13	auth	0011_update_proxy_permissions	2023-11-30 00:31:30.170275+01
14	auth	0012_alter_user_first_name_max_length	2023-11-30 00:31:30.17425+01
15	epic_auth_app	0001_initial	2023-11-30 00:31:30.201926+01
16	admin	0001_initial	2023-11-30 00:31:30.215772+01
17	admin	0002_logentry_remove_auto_add	2023-11-30 00:31:30.220689+01
18	admin	0003_logentry_add_action_flag_choices	2023-11-30 00:31:30.227106+01
19	epic_auth_app	0002_utilisateur_department	2023-11-30 00:31:30.233962+01
20	epic_auth_app	0003_alter_utilisateur_department	2023-11-30 00:31:30.239162+01
21	epic_auth_app	0004_utilisateur_phone_number	2023-11-30 00:31:30.244762+01
22	epic_auth_app	0005_alter_utilisateur_department	2023-11-30 00:31:30.249758+01
23	epic_clients_app	0001_initial	2023-11-30 00:31:30.26688+01
24	epic_contracts_app	0001_initial	2023-11-30 00:31:30.278334+01
25	epic_contracts_app	0002_contrat_delete_contract	2023-11-30 00:31:30.293459+01
26	epic_contracts_app	0003_contrat_nom	2023-11-30 00:31:30.299769+01
27	epic_events_app	0001_initial	2023-11-30 00:31:30.314429+01
28	epic_events_app	0002_evenement_delete_event	2023-11-30 00:31:30.329122+01
29	epic_events_app	0003_evenement_gestionnaire	2023-11-30 00:31:30.338461+01
30	sessions	0001_initial	2023-11-30 00:31:30.347892+01
31	epic_events_app	0004_evenement_nombre_invites_evenement_note_and_more	2023-12-01 15:05:38.201933+01
32	epic_clients_app	0002_client_commercial_assigne_alter_client_sales_contact	2023-12-01 15:49:02.871063+01
\.


--
-- Data for Name: django_session; Type: TABLE DATA; Schema: public; Owner: postgres
--

COPY public.django_session (session_key, session_data, expire_date) FROM stdin;
1jywvdjfuelyrnsq6tlwujh01ctkarr8	.eJxVjEEOwiAQRe_C2hBoSwWX7j0DmRlmpGogKe3KeHfbpAvd_vfef6sI65Lj2niOU1IXZdXpd0OgJ5cdpAeUe9VUyzJPqHdFH7TpW038uh7u30GGlrfaO6LUI4xWOjKOGQGs8Z0TL4RJBI0MZ4QNs-0DO_ASAiL2lmQcSH2-IiY5pA:1rASud:dTEh6632qpswq4_gSCn6TdTkClfNfcQpvrgjUzUQqqw	2023-12-19 11:44:23.433497+01
\.


--
-- Data for Name: epic_auth_app_utilisateur; Type: TABLE DATA; Schema: public; Owner: postgres
--

COPY public.epic_auth_app_utilisateur (id, password, last_login, is_superuser, email, first_name, last_name, is_staff, is_active, department, phone_number) FROM stdin;
2	pbkdf2_sha256$600000$8jpCH3v7hnX3CcLWJESFZ7$LbjD0ejz7nKX+igDNtEIQbNJ5vUhAoT0WlcDuM5Yz5w=	\N	f	adm2@epic-events.com	Adam	SMITH	f	t	ADM	06 35 35 35 35
3	pbkdf2_sha256$600000$h1nIeIwnNN1fCkFmCwfWxR$rJCwOj3kpNjnf6XDxn+261mF8IMi6YxPLi9z/GfYoqA=	\N	f	adm3@epic-events.com	Pamela	ANDERSON	f	t	ADM	06 52 52 52 63
4	pbkdf2_sha256$600000$3u23rP92fsRlq2zj3mDxOW$ZIFn2LSQqA71NV4fP4jAA5lgFwRLv7lemBElPQS/bpI=	\N	f	ges1@epic-events.com	Romin	LEFEBRE	f	t	GES	06 52 41 41 00
5	pbkdf2_sha256$600000$XZyujglzxdGUgy0DQjEudD$G0SKxEYuyJ2eBGCbda5z8rAjkXbhcoDv+47JexEbeRM=	\N	f	ges2@epic-events.com	Amelie	DUPON	f	t	GES	06 25 25 41 41
8	pbkdf2_sha256$600000$QPktj4UVD0G4QXYRysLvwo$6yF1AVbxq1ME9dOHhKYBjoh0+nI36L7BPaT0c3gv0gA=	\N	f	sup1@epic-events.com	Ahmed	KHALIF	f	t	SUP	06 52 52 85 85
9	pbkdf2_sha256$600000$Kf1D5P7sTe8ywLKWMsQEFs$FWCgu3wed1vvNOAHO+9PxC5DoFI6GXF5+kTGJNI/MxA=	\N	f	sup2@epic-events.com	Simone	RENARD	f	t	SUP	07 85 45 45 45
10	pbkdf2_sha256$600000$wxJjweLKPg2p2ZvxhGMV5V$aZDcpj7OXqxuxyaUITWQGv85momKacGbj3naxlEmoXs=	\N	f	tst1@epic-events.com	Test	LETEST	f	t	TST	01 52 52 52 52
11	pbkdf2_sha256$600000$F8q1N4m9YVZuCDfa0Ux9mi$bqMcVH9M9OCpRMkjcW+pC9O86y2a0cvGCGxFskiIqUg=	\N	f	ges3@epic-events.com	Bruno	RUDFORD	f	t	GES	07 52 84 84 86
7	pbkdf2_sha256$600000$EDA29iUoiwDMO0VfwVygMt$dYL9KfNUkEeqwMtdoZ4B5St+8nBUWnenIZSnp3FOUXk=	\N	f	com2@epic-events.com	Lucette	GHORBAL	f	t	COM	06 85 65 12 00
12	pbkdf2_sha256$600000$7ELpVavrF680cBh5iUaOpk$3x8SoiYkMcRKCSb5lxYZjyZ6pmKSywK+AfAYWKRiKms=	\N	f	ges4@epic-events.com	Nancie	COUREL	f	t	GES	07 60 60 50 45
13	pbkdf2_sha256$600000$eUNeYXQCnhYy6mElfXOnsX$yR5hhVdcMpjjxZ5exltHQGFw4BLBebsVv2V2tJrT0qA=	\N	f	com3@epic-events.com	Jean	BERNARD	f	t	COM	07 83 42 42 42
14	pbkdf2_sha256$600000$IflazgSkNhnhKaKocA6RiR$oYi/cJoAgcst/En4U31AtBEx2Ppq0aYfiXeIQlmktLg=	\N	f	com4@epic-events.com	Katia	KAMOVICH	f	t	COM	06 32 31 30 29
15	pbkdf2_sha256$600000$uzUuh1GvKsCTr5pbloTqyB$Tt5Ymt1Fgk2cSaMOUKFEuHnTHXv6LhzDP2CLuEwNAWM=	\N	f	sup3@epic-events.com	Valery	JUDON	f	t	SUP	03 21 21 32 32
16	pbkdf2_sha256$600000$bOUkSsaMiy0QBpwcSZpFaW$Km1Q0qh8E09EyIV8+aAYnrOtUG5+0mYLTQS4dIC3Vqs=	\N	f	sup4@epic-events.com	Malik	CHANTAL	f	t	SUP	01 56 56 32 32
17	pbkdf2_sha256$600000$8Yu3EhzVvD5gpuwPFPWEeD$B0djjbY17QCo4t/Z8YIRhqZdIpX6uunXVquXlr6tpJo=	\N	f	com5@epic-events.com	Abdel	FOURATI	f	t	COM	03 22 51 53 26
6	pbkdf2_sha256$600000$Kh4jdedvbWRyxtilyCT88N$4h6EiaI4BcSzShZTmN/yj+zmbT+zuZ5UCabK5PB5sGY=	\N	f	com1@epic-events.com	Julien	SUGAR	f	t	COM	06 31 32 33 35
1	pbkdf2_sha256$600000$N2Ms6TINWJc5fL8pxEkkXm$4/zKj77BD1qXE2SMn1KPF/aMJ4VvIqwQRf0BtWsai1E=	2023-12-05 11:44:23.431566+01	t	admin@epic-events.com	admin	admin	t	t	ADM	
\.


--
-- Data for Name: epic_auth_app_utilisateur_groups; Type: TABLE DATA; Schema: public; Owner: postgres
--

COPY public.epic_auth_app_utilisateur_groups (id, utilisateur_id, group_id) FROM stdin;
\.


--
-- Data for Name: epic_auth_app_utilisateur_user_permissions; Type: TABLE DATA; Schema: public; Owner: postgres
--

COPY public.epic_auth_app_utilisateur_user_permissions (id, utilisateur_id, permission_id) FROM stdin;
\.


--
-- Data for Name: epic_clients_app_client; Type: TABLE DATA; Schema: public; Owner: postgres
--

COPY public.epic_clients_app_client (id, full_name, email, phone_number, company_name, created_at, updated_at, role, sales_contact_id, commercial_assigne_id) FROM stdin;
7	George BRAKAM	george@brakam.net	07 92 23 15 45	Flanades SARL	2023-11-30 21:33:43.936217+01	2023-11-30 21:33:43.936828+01	PR	\N	\N
3	Arnold DUPUI	dupui@gmail.com	04 52 51 50 5	DUPUI & CO SAS	2023-11-30 01:15:05.753269+01	2023-12-01 16:58:50.226719+01	PR	\N	14
4	Laurent SIGMAS	sigmas@laurent.fr	07 52 95 95 95	SIGMAS ENERGY LLC	2023-11-30 01:16:02.419898+01	2023-12-01 16:59:16.682191+01	PR	\N	7
2	Gaston LEGRAND	legrand@chabat.sr	01 32 32 32 32	CHABATINE SARL	2023-11-30 01:10:53.628047+01	2023-12-01 17:00:32.537152+01	PR	\N	6
1	Monique MACRON	macron@macron.fr	06 00 00 11 11	Falcon LLC	2023-11-30 01:09:43.995827+01	2023-12-01 17:01:36.400078+01	PR	\N	13
5	Clara MUSK	musk@musk.com	06 32 32 23 23	CENA sarl	2023-11-30 21:29:24.654657+01	2023-12-01 17:03:03.039984+01	PR	\N	6
6	Abdel LEROI	leroi@yahoo.com	06 10 10 10 10	LEROI & Co sas	2023-11-30 21:30:45.624085+01	2023-12-01 17:03:36.735481+01	PR	\N	13
9	Laurent MARCHAL	marchal@rythme.org	03 52 65 65 32	RYTHME-PX SARL	2023-12-02 12:24:49.42214+01	2023-12-02 12:24:49.422453+01	PR	\N	6
8	Doddy NARDON	nardon2@abc.com	05 42 56 32 51	NARDON GYPS sas	2023-11-30 21:35:35.440177+01	2023-12-02 12:31:03.373033+01	PR	\N	7
10	Laura GASTON	gaston@email.com	06 52 53 53 22	GASTON SARL	2023-12-03 10:58:46.990296+01	2023-12-03 10:59:53.61751+01	PR	\N	17
\.


--
-- Data for Name: epic_contracts_app_contrat; Type: TABLE DATA; Schema: public; Owner: postgres
--

COPY public.epic_contracts_app_contrat (id, montant_total, montant_restant, date_creation, statut, client_id, sales_contact_id, nom) FROM stdin;
5	9320.00	7000.00	2023-11-12 18:56:00+01	ACTIF	4	5	BELOUGA
7	19600.00	5320.00	2023-11-02 16:10:00+01	EN_ATTENTE	8	11	Anniversaire
3	74000.00	23000.00	2023-09-12 19:30:00+02	ACTIF	2	5	Jupiter-23
8	12600.00	11500.00	2023-12-01 16:00:00+01	EN_ATTENTE	10	11	Fiancailles
4	51632.00	22400.00	2023-11-29 15:24:00+01	EN_ATTENTE	4	5	Paris 17em
1	27600.00	27600.00	2023-11-28 11:10:00+01	ACTIF	1	4	Canne-Music 2023
6	9650.00	0.00	2023-12-01 13:51:00+01	TERMINE	5	11	Cuisine
2	63200.00	0.00	2023-10-11 17:38:00+02	TERMINE	3	4	Sport Hiver 23
\.


--
-- Data for Name: epic_events_app_evenement; Type: TABLE DATA; Schema: public; Owner: postgres
--

COPY public.epic_events_app_evenement (id, nom, date_debut, date_fin, lieu, type_evenement, statut, contrat_id, gestionnaire_id, nombre_invites, note) FROM stdin;
3	Paris 17	2023-12-17 19:00:00+01	2023-12-18 05:00:00+01	Sarcelles	Anniversaire	PL	4	\N	0	
2	Cuisine Mariage	2023-12-17 19:00:00+01	2023-12-18 05:00:00+01	Lisle-Adam	Mariage	PL	6	15	0	
4	Jupiter	2024-01-03 16:00:00+01	2024-01-04 19:00:00+01	BESON	Vélo	PL	3	8	625	Kuste un test pour voir le rest
\.


--
-- Name: auth_group_id_seq; Type: SEQUENCE SET; Schema: public; Owner: postgres
--

SELECT pg_catalog.setval('public.auth_group_id_seq', 1, false);


--
-- Name: auth_group_permissions_id_seq; Type: SEQUENCE SET; Schema: public; Owner: postgres
--

SELECT pg_catalog.setval('public.auth_group_permissions_id_seq', 1, false);


--
-- Name: auth_permission_id_seq; Type: SEQUENCE SET; Schema: public; Owner: postgres
--

SELECT pg_catalog.setval('public.auth_permission_id_seq', 36, true);


--
-- Name: django_admin_log_id_seq; Type: SEQUENCE SET; Schema: public; Owner: postgres
--

SELECT pg_catalog.setval('public.django_admin_log_id_seq', 1, false);


--
-- Name: django_content_type_id_seq; Type: SEQUENCE SET; Schema: public; Owner: postgres
--

SELECT pg_catalog.setval('public.django_content_type_id_seq', 9, true);


--
-- Name: django_migrations_id_seq; Type: SEQUENCE SET; Schema: public; Owner: postgres
--

SELECT pg_catalog.setval('public.django_migrations_id_seq', 32, true);


--
-- Name: epic_auth_app_utilisateur_groups_id_seq; Type: SEQUENCE SET; Schema: public; Owner: postgres
--

SELECT pg_catalog.setval('public.epic_auth_app_utilisateur_groups_id_seq', 1, false);


--
-- Name: epic_auth_app_utilisateur_id_seq; Type: SEQUENCE SET; Schema: public; Owner: postgres
--

SELECT pg_catalog.setval('public.epic_auth_app_utilisateur_id_seq', 18, true);


--
-- Name: epic_auth_app_utilisateur_user_permissions_id_seq; Type: SEQUENCE SET; Schema: public; Owner: postgres
--

SELECT pg_catalog.setval('public.epic_auth_app_utilisateur_user_permissions_id_seq', 1, false);


--
-- Name: epic_clients_app_client_id_seq; Type: SEQUENCE SET; Schema: public; Owner: postgres
--

SELECT pg_catalog.setval('public.epic_clients_app_client_id_seq', 10, true);


--
-- Name: epic_contracts_app_contrat_id_seq; Type: SEQUENCE SET; Schema: public; Owner: postgres
--

SELECT pg_catalog.setval('public.epic_contracts_app_contrat_id_seq', 8, true);


--
-- Name: epic_events_app_evenement_id_seq; Type: SEQUENCE SET; Schema: public; Owner: postgres
--

SELECT pg_catalog.setval('public.epic_events_app_evenement_id_seq', 6, true);


--
-- Name: auth_group auth_group_name_key; Type: CONSTRAINT; Schema: public; Owner: postgres
--

ALTER TABLE ONLY public.auth_group
    ADD CONSTRAINT auth_group_name_key UNIQUE (name);


--
-- Name: auth_group_permissions auth_group_permissions_group_id_permission_id_0cd325b0_uniq; Type: CONSTRAINT; Schema: public; Owner: postgres
--

ALTER TABLE ONLY public.auth_group_permissions
    ADD CONSTRAINT auth_group_permissions_group_id_permission_id_0cd325b0_uniq UNIQUE (group_id, permission_id);


--
-- Name: auth_group_permissions auth_group_permissions_pkey; Type: CONSTRAINT; Schema: public; Owner: postgres
--

ALTER TABLE ONLY public.auth_group_permissions
    ADD CONSTRAINT auth_group_permissions_pkey PRIMARY KEY (id);


--
-- Name: auth_group auth_group_pkey; Type: CONSTRAINT; Schema: public; Owner: postgres
--

ALTER TABLE ONLY public.auth_group
    ADD CONSTRAINT auth_group_pkey PRIMARY KEY (id);


--
-- Name: auth_permission auth_permission_content_type_id_codename_01ab375a_uniq; Type: CONSTRAINT; Schema: public; Owner: postgres
--

ALTER TABLE ONLY public.auth_permission
    ADD CONSTRAINT auth_permission_content_type_id_codename_01ab375a_uniq UNIQUE (content_type_id, codename);


--
-- Name: auth_permission auth_permission_pkey; Type: CONSTRAINT; Schema: public; Owner: postgres
--

ALTER TABLE ONLY public.auth_permission
    ADD CONSTRAINT auth_permission_pkey PRIMARY KEY (id);


--
-- Name: django_admin_log django_admin_log_pkey; Type: CONSTRAINT; Schema: public; Owner: postgres
--

ALTER TABLE ONLY public.django_admin_log
    ADD CONSTRAINT django_admin_log_pkey PRIMARY KEY (id);


--
-- Name: django_content_type django_content_type_app_label_model_76bd3d3b_uniq; Type: CONSTRAINT; Schema: public; Owner: postgres
--

ALTER TABLE ONLY public.django_content_type
    ADD CONSTRAINT django_content_type_app_label_model_76bd3d3b_uniq UNIQUE (app_label, model);


--
-- Name: django_content_type django_content_type_pkey; Type: CONSTRAINT; Schema: public; Owner: postgres
--

ALTER TABLE ONLY public.django_content_type
    ADD CONSTRAINT django_content_type_pkey PRIMARY KEY (id);


--
-- Name: django_migrations django_migrations_pkey; Type: CONSTRAINT; Schema: public; Owner: postgres
--

ALTER TABLE ONLY public.django_migrations
    ADD CONSTRAINT django_migrations_pkey PRIMARY KEY (id);


--
-- Name: django_session django_session_pkey; Type: CONSTRAINT; Schema: public; Owner: postgres
--

ALTER TABLE ONLY public.django_session
    ADD CONSTRAINT django_session_pkey PRIMARY KEY (session_key);


--
-- Name: epic_auth_app_utilisateur_groups epic_auth_app_utilisateu_utilisateur_id_group_id_d5cfdb6e_uniq; Type: CONSTRAINT; Schema: public; Owner: postgres
--

ALTER TABLE ONLY public.epic_auth_app_utilisateur_groups
    ADD CONSTRAINT epic_auth_app_utilisateu_utilisateur_id_group_id_d5cfdb6e_uniq UNIQUE (utilisateur_id, group_id);


--
-- Name: epic_auth_app_utilisateur_user_permissions epic_auth_app_utilisateu_utilisateur_id_permissio_89aaa96f_uniq; Type: CONSTRAINT; Schema: public; Owner: postgres
--

ALTER TABLE ONLY public.epic_auth_app_utilisateur_user_permissions
    ADD CONSTRAINT epic_auth_app_utilisateu_utilisateur_id_permissio_89aaa96f_uniq UNIQUE (utilisateur_id, permission_id);


--
-- Name: epic_auth_app_utilisateur epic_auth_app_utilisateur_email_key; Type: CONSTRAINT; Schema: public; Owner: postgres
--

ALTER TABLE ONLY public.epic_auth_app_utilisateur
    ADD CONSTRAINT epic_auth_app_utilisateur_email_key UNIQUE (email);


--
-- Name: epic_auth_app_utilisateur_groups epic_auth_app_utilisateur_groups_pkey; Type: CONSTRAINT; Schema: public; Owner: postgres
--

ALTER TABLE ONLY public.epic_auth_app_utilisateur_groups
    ADD CONSTRAINT epic_auth_app_utilisateur_groups_pkey PRIMARY KEY (id);


--
-- Name: epic_auth_app_utilisateur epic_auth_app_utilisateur_pkey; Type: CONSTRAINT; Schema: public; Owner: postgres
--

ALTER TABLE ONLY public.epic_auth_app_utilisateur
    ADD CONSTRAINT epic_auth_app_utilisateur_pkey PRIMARY KEY (id);


--
-- Name: epic_auth_app_utilisateur_user_permissions epic_auth_app_utilisateur_user_permissions_pkey; Type: CONSTRAINT; Schema: public; Owner: postgres
--

ALTER TABLE ONLY public.epic_auth_app_utilisateur_user_permissions
    ADD CONSTRAINT epic_auth_app_utilisateur_user_permissions_pkey PRIMARY KEY (id);


--
-- Name: epic_clients_app_client epic_clients_app_client_email_key; Type: CONSTRAINT; Schema: public; Owner: postgres
--

ALTER TABLE ONLY public.epic_clients_app_client
    ADD CONSTRAINT epic_clients_app_client_email_key UNIQUE (email);


--
-- Name: epic_clients_app_client epic_clients_app_client_pkey; Type: CONSTRAINT; Schema: public; Owner: postgres
--

ALTER TABLE ONLY public.epic_clients_app_client
    ADD CONSTRAINT epic_clients_app_client_pkey PRIMARY KEY (id);


--
-- Name: epic_contracts_app_contrat epic_contracts_app_contrat_pkey; Type: CONSTRAINT; Schema: public; Owner: postgres
--

ALTER TABLE ONLY public.epic_contracts_app_contrat
    ADD CONSTRAINT epic_contracts_app_contrat_pkey PRIMARY KEY (id);


--
-- Name: epic_events_app_evenement epic_events_app_evenement_pkey; Type: CONSTRAINT; Schema: public; Owner: postgres
--

ALTER TABLE ONLY public.epic_events_app_evenement
    ADD CONSTRAINT epic_events_app_evenement_pkey PRIMARY KEY (id);


--
-- Name: auth_group_name_a6ea08ec_like; Type: INDEX; Schema: public; Owner: postgres
--

CREATE INDEX auth_group_name_a6ea08ec_like ON public.auth_group USING btree (name varchar_pattern_ops);


--
-- Name: auth_group_permissions_group_id_b120cbf9; Type: INDEX; Schema: public; Owner: postgres
--

CREATE INDEX auth_group_permissions_group_id_b120cbf9 ON public.auth_group_permissions USING btree (group_id);


--
-- Name: auth_group_permissions_permission_id_84c5c92e; Type: INDEX; Schema: public; Owner: postgres
--

CREATE INDEX auth_group_permissions_permission_id_84c5c92e ON public.auth_group_permissions USING btree (permission_id);


--
-- Name: auth_permission_content_type_id_2f476e4b; Type: INDEX; Schema: public; Owner: postgres
--

CREATE INDEX auth_permission_content_type_id_2f476e4b ON public.auth_permission USING btree (content_type_id);


--
-- Name: django_admin_log_content_type_id_c4bce8eb; Type: INDEX; Schema: public; Owner: postgres
--

CREATE INDEX django_admin_log_content_type_id_c4bce8eb ON public.django_admin_log USING btree (content_type_id);


--
-- Name: django_admin_log_user_id_c564eba6; Type: INDEX; Schema: public; Owner: postgres
--

CREATE INDEX django_admin_log_user_id_c564eba6 ON public.django_admin_log USING btree (user_id);


--
-- Name: django_session_expire_date_a5c62663; Type: INDEX; Schema: public; Owner: postgres
--

CREATE INDEX django_session_expire_date_a5c62663 ON public.django_session USING btree (expire_date);


--
-- Name: django_session_session_key_c0390e0f_like; Type: INDEX; Schema: public; Owner: postgres
--

CREATE INDEX django_session_session_key_c0390e0f_like ON public.django_session USING btree (session_key varchar_pattern_ops);


--
-- Name: epic_auth_app_utilisateur__permission_id_95a66537; Type: INDEX; Schema: public; Owner: postgres
--

CREATE INDEX epic_auth_app_utilisateur__permission_id_95a66537 ON public.epic_auth_app_utilisateur_user_permissions USING btree (permission_id);


--
-- Name: epic_auth_app_utilisateur__utilisateur_id_562d5564; Type: INDEX; Schema: public; Owner: postgres
--

CREATE INDEX epic_auth_app_utilisateur__utilisateur_id_562d5564 ON public.epic_auth_app_utilisateur_user_permissions USING btree (utilisateur_id);


--
-- Name: epic_auth_app_utilisateur_email_d143af25_like; Type: INDEX; Schema: public; Owner: postgres
--

CREATE INDEX epic_auth_app_utilisateur_email_d143af25_like ON public.epic_auth_app_utilisateur USING btree (email varchar_pattern_ops);


--
-- Name: epic_auth_app_utilisateur_groups_group_id_eb73ecc0; Type: INDEX; Schema: public; Owner: postgres
--

CREATE INDEX epic_auth_app_utilisateur_groups_group_id_eb73ecc0 ON public.epic_auth_app_utilisateur_groups USING btree (group_id);


--
-- Name: epic_auth_app_utilisateur_groups_utilisateur_id_69039fbe; Type: INDEX; Schema: public; Owner: postgres
--

CREATE INDEX epic_auth_app_utilisateur_groups_utilisateur_id_69039fbe ON public.epic_auth_app_utilisateur_groups USING btree (utilisateur_id);


--
-- Name: epic_clients_app_client_commercial_assigne_id_a40edb9b; Type: INDEX; Schema: public; Owner: postgres
--

CREATE INDEX epic_clients_app_client_commercial_assigne_id_a40edb9b ON public.epic_clients_app_client USING btree (commercial_assigne_id);


--
-- Name: epic_clients_app_client_email_e398516e_like; Type: INDEX; Schema: public; Owner: postgres
--

CREATE INDEX epic_clients_app_client_email_e398516e_like ON public.epic_clients_app_client USING btree (email varchar_pattern_ops);


--
-- Name: epic_clients_app_client_sales_contact_id_fd846924; Type: INDEX; Schema: public; Owner: postgres
--

CREATE INDEX epic_clients_app_client_sales_contact_id_fd846924 ON public.epic_clients_app_client USING btree (sales_contact_id);


--
-- Name: epic_contracts_app_contrat_client_id_ce747202; Type: INDEX; Schema: public; Owner: postgres
--

CREATE INDEX epic_contracts_app_contrat_client_id_ce747202 ON public.epic_contracts_app_contrat USING btree (client_id);


--
-- Name: epic_contracts_app_contrat_sales_contact_id_3ef679fe; Type: INDEX; Schema: public; Owner: postgres
--

CREATE INDEX epic_contracts_app_contrat_sales_contact_id_3ef679fe ON public.epic_contracts_app_contrat USING btree (sales_contact_id);


--
-- Name: epic_events_app_evenement_contrat_id_ee7befe4; Type: INDEX; Schema: public; Owner: postgres
--

CREATE INDEX epic_events_app_evenement_contrat_id_ee7befe4 ON public.epic_events_app_evenement USING btree (contrat_id);


--
-- Name: epic_events_app_evenement_gestionnaire_id_6db25932; Type: INDEX; Schema: public; Owner: postgres
--

CREATE INDEX epic_events_app_evenement_gestionnaire_id_6db25932 ON public.epic_events_app_evenement USING btree (gestionnaire_id);


--
-- Name: auth_group_permissions auth_group_permissio_permission_id_84c5c92e_fk_auth_perm; Type: FK CONSTRAINT; Schema: public; Owner: postgres
--

ALTER TABLE ONLY public.auth_group_permissions
    ADD CONSTRAINT auth_group_permissio_permission_id_84c5c92e_fk_auth_perm FOREIGN KEY (permission_id) REFERENCES public.auth_permission(id) DEFERRABLE INITIALLY DEFERRED;


--
-- Name: auth_group_permissions auth_group_permissions_group_id_b120cbf9_fk_auth_group_id; Type: FK CONSTRAINT; Schema: public; Owner: postgres
--

ALTER TABLE ONLY public.auth_group_permissions
    ADD CONSTRAINT auth_group_permissions_group_id_b120cbf9_fk_auth_group_id FOREIGN KEY (group_id) REFERENCES public.auth_group(id) DEFERRABLE INITIALLY DEFERRED;


--
-- Name: auth_permission auth_permission_content_type_id_2f476e4b_fk_django_co; Type: FK CONSTRAINT; Schema: public; Owner: postgres
--

ALTER TABLE ONLY public.auth_permission
    ADD CONSTRAINT auth_permission_content_type_id_2f476e4b_fk_django_co FOREIGN KEY (content_type_id) REFERENCES public.django_content_type(id) DEFERRABLE INITIALLY DEFERRED;


--
-- Name: django_admin_log django_admin_log_content_type_id_c4bce8eb_fk_django_co; Type: FK CONSTRAINT; Schema: public; Owner: postgres
--

ALTER TABLE ONLY public.django_admin_log
    ADD CONSTRAINT django_admin_log_content_type_id_c4bce8eb_fk_django_co FOREIGN KEY (content_type_id) REFERENCES public.django_content_type(id) DEFERRABLE INITIALLY DEFERRED;


--
-- Name: django_admin_log django_admin_log_user_id_c564eba6_fk_epic_auth; Type: FK CONSTRAINT; Schema: public; Owner: postgres
--

ALTER TABLE ONLY public.django_admin_log
    ADD CONSTRAINT django_admin_log_user_id_c564eba6_fk_epic_auth FOREIGN KEY (user_id) REFERENCES public.epic_auth_app_utilisateur(id) DEFERRABLE INITIALLY DEFERRED;


--
-- Name: epic_auth_app_utilisateur_groups epic_auth_app_utilis_group_id_eb73ecc0_fk_auth_grou; Type: FK CONSTRAINT; Schema: public; Owner: postgres
--

ALTER TABLE ONLY public.epic_auth_app_utilisateur_groups
    ADD CONSTRAINT epic_auth_app_utilis_group_id_eb73ecc0_fk_auth_grou FOREIGN KEY (group_id) REFERENCES public.auth_group(id) DEFERRABLE INITIALLY DEFERRED;


--
-- Name: epic_auth_app_utilisateur_user_permissions epic_auth_app_utilis_permission_id_95a66537_fk_auth_perm; Type: FK CONSTRAINT; Schema: public; Owner: postgres
--

ALTER TABLE ONLY public.epic_auth_app_utilisateur_user_permissions
    ADD CONSTRAINT epic_auth_app_utilis_permission_id_95a66537_fk_auth_perm FOREIGN KEY (permission_id) REFERENCES public.auth_permission(id) DEFERRABLE INITIALLY DEFERRED;


--
-- Name: epic_auth_app_utilisateur_user_permissions epic_auth_app_utilis_utilisateur_id_562d5564_fk_epic_auth; Type: FK CONSTRAINT; Schema: public; Owner: postgres
--

ALTER TABLE ONLY public.epic_auth_app_utilisateur_user_permissions
    ADD CONSTRAINT epic_auth_app_utilis_utilisateur_id_562d5564_fk_epic_auth FOREIGN KEY (utilisateur_id) REFERENCES public.epic_auth_app_utilisateur(id) DEFERRABLE INITIALLY DEFERRED;


--
-- Name: epic_auth_app_utilisateur_groups epic_auth_app_utilis_utilisateur_id_69039fbe_fk_epic_auth; Type: FK CONSTRAINT; Schema: public; Owner: postgres
--

ALTER TABLE ONLY public.epic_auth_app_utilisateur_groups
    ADD CONSTRAINT epic_auth_app_utilis_utilisateur_id_69039fbe_fk_epic_auth FOREIGN KEY (utilisateur_id) REFERENCES public.epic_auth_app_utilisateur(id) DEFERRABLE INITIALLY DEFERRED;


--
-- Name: epic_clients_app_client epic_clients_app_cli_commercial_assigne_i_a40edb9b_fk_epic_auth; Type: FK CONSTRAINT; Schema: public; Owner: postgres
--

ALTER TABLE ONLY public.epic_clients_app_client
    ADD CONSTRAINT epic_clients_app_cli_commercial_assigne_i_a40edb9b_fk_epic_auth FOREIGN KEY (commercial_assigne_id) REFERENCES public.epic_auth_app_utilisateur(id) DEFERRABLE INITIALLY DEFERRED;


--
-- Name: epic_clients_app_client epic_clients_app_cli_sales_contact_id_fd846924_fk_epic_auth; Type: FK CONSTRAINT; Schema: public; Owner: postgres
--

ALTER TABLE ONLY public.epic_clients_app_client
    ADD CONSTRAINT epic_clients_app_cli_sales_contact_id_fd846924_fk_epic_auth FOREIGN KEY (sales_contact_id) REFERENCES public.epic_auth_app_utilisateur(id) DEFERRABLE INITIALLY DEFERRED;


--
-- Name: epic_contracts_app_contrat epic_contracts_app_c_client_id_ce747202_fk_epic_clie; Type: FK CONSTRAINT; Schema: public; Owner: postgres
--

ALTER TABLE ONLY public.epic_contracts_app_contrat
    ADD CONSTRAINT epic_contracts_app_c_client_id_ce747202_fk_epic_clie FOREIGN KEY (client_id) REFERENCES public.epic_clients_app_client(id) DEFERRABLE INITIALLY DEFERRED;


--
-- Name: epic_contracts_app_contrat epic_contracts_app_c_sales_contact_id_3ef679fe_fk_epic_auth; Type: FK CONSTRAINT; Schema: public; Owner: postgres
--

ALTER TABLE ONLY public.epic_contracts_app_contrat
    ADD CONSTRAINT epic_contracts_app_c_sales_contact_id_3ef679fe_fk_epic_auth FOREIGN KEY (sales_contact_id) REFERENCES public.epic_auth_app_utilisateur(id) DEFERRABLE INITIALLY DEFERRED;


--
-- Name: epic_events_app_evenement epic_events_app_even_contrat_id_ee7befe4_fk_epic_cont; Type: FK CONSTRAINT; Schema: public; Owner: postgres
--

ALTER TABLE ONLY public.epic_events_app_evenement
    ADD CONSTRAINT epic_events_app_even_contrat_id_ee7befe4_fk_epic_cont FOREIGN KEY (contrat_id) REFERENCES public.epic_contracts_app_contrat(id) DEFERRABLE INITIALLY DEFERRED;


--
-- Name: epic_events_app_evenement epic_events_app_even_gestionnaire_id_6db25932_fk_epic_auth; Type: FK CONSTRAINT; Schema: public; Owner: postgres
--

ALTER TABLE ONLY public.epic_events_app_evenement
    ADD CONSTRAINT epic_events_app_even_gestionnaire_id_6db25932_fk_epic_auth FOREIGN KEY (gestionnaire_id) REFERENCES public.epic_auth_app_utilisateur(id) DEFERRABLE INITIALLY DEFERRED;


--
-- PostgreSQL database dump complete
--

